<?xml version="1.0" ?>
<!DOCTYPE kunena-categoryicons>
<kunena-categoryicons>
	<name>default</name>
	<version>3.0.95-HMVC</version>
	<creationDate>2014-05-04</creationDate>
	<author>Kunena Team</author>
	<authorEmail>Kunena@kunena.org</authorEmail>
	<authorUrl>http://www.kunena.org</authorUrl>
	<copyright>www.kunena.org</copyright>
	<license>GNU/GPL</license>
	<description>System category icons for Kunena</description>
	
	<icons type="user" width="48" height="48">
		<icon id="0" name="folder" published="1" src="user/default.png" />
	</icons>

	<categoryicon width="48" height="48">
		<main>
			<icon type="user" />
		</main>
	</categoryicon>
</kunena-categoryicons>