<?xml version="1.0" encoding="utf-8"?>
<!DOCTYPE extension>
<extension version="2.5" type="file" method="upgrade">
	<name>kunena_tmpl_blink</name>
	<version>3.0.95-HMVC</version>
	<creationDate>2013-12-24</creationDate>
	<author>Kunena Team</author>
	<authorEmail>team@kunena.org</authorEmail>
	<authorUrl>http://www.kunena.org</authorUrl>
	<copyright>Kunena Team</copyright>
	<license>GNU/GPL</license>
	<description>COM_KUNENA_TEMPLATE_BLINK_DESC</description>
	<files>
		<filename>config.xml</filename>
		<filename>README.md</filename>
		<filename>template.php</filename>
		<folder>language</folder>
		<folder>layouts</folder>
		<folder>less</folder>
		<folder>media</folder>
		<folder>pages</folder>
	</files>
</extension>
