<?xml version="1.0" encoding="utf-8"?>
<!DOCTYPE kinstall>
<kinstall type="kunena-template" version="2.0">
	<name>Blink</name>
	<creationDate>2013-12-24</creationDate>
	<version>3.0.95-HMVC</version>
	<author>Kunena Team</author>
	<authorEmail>team@kunena.org</authorEmail>
	<authorUrl>http://www.kunena.org</authorUrl>
	<copyright>Kunena Team</copyright>
	<license>GNU/GPL</license>
	<description>COM_KUNENA_TEMPLATE_BLINK_DESC</description>
	<thumbnail>template_thumbnail.png</thumbnail>
</kinstall>
